codePostalEtablissement,libelleCommuneEtablissement
1000,778
10000,1178
10100,266
10110,236
10120,164
10130,163
10140,177
10150,179
10160,114
10170,96
10180,31
10190,144
10200,321
10210,151
10220,104
10230,24
10240,74
10250,61
10260,101
10270,68
10280,34
10290,54
10300,141
10310,44
10320,95
10330,65
10340,68
10350,67
10360,58
10370,27
10380,34
10390,15
10400,271
10410,62
10420,22
10430,17
10440,39
10450,23
10500,249
10510,39
10600,189
10700,191
10800,173
1090,78
1100,445
11000,830
1110,200
11100,826
11110,97
11120,132
11130,69
11140,137
11150,84
11160,118
11170,98
11190,113
1120,175
11200,319
11210,114
11220,121
11230,93
11240,104
11250,91
11260,70
11270,68
11290,65
1130,154
11300,304
11310,46
11320,49
11330,87
11340,68
11350,55
11360,59
11370,109
11380,34
11390,38
1140,116
11400,333
11410,65
11420,58
11430,90
11440,11
11480,12
11490,10
1150,211
11500,160
11510,32
11540,10
11560,68
11570,31
11580,32
11590,95
1160,137
11600,111
11610,27
11620,23
1170,151
11700,137
11800,141
1190,161
1200,303
12000,660
1210,136
12100,438
12110,96
12120,95
12130,89
12140,63
12150,98
12160,93
12170,84
12190,36
1220,116
12200,288
12210,110
12220,68
12230,68
12240,97
12250,37
12260,85
12270,46
12290,70
1230,97
12300,264
12310,78
12320,62
12330,97
12340,60
12350,36
12360,64
12370,42
12380,40
12390,81
1240,79
12400,185
12410,25
12420,23
12430,52
12440,28
12450,80
12460,45
12470,36
12480,16
12490,46
1250,192
12500,167
12510,55
12520,39
12540,39
12550,28
12560,35
12580,19
1260,128
12600,72
12620,24
12630,14
12640,19
1270,72
12700,85
12720,17
12740,44
12780,24
1280,23
12800,100
12850,142
1290,132
1300,339
13001,5184
13002,2120
13003,1769
13004,1652
13005,1592
13006,3681
13007,1539
13008,2670
13009,1490
13010,1319
13011,1071
13012,1210
13013,1341
13014,1390
13015,1769
13016,620
13080,120
13090,603
1310,83
13100,1293
13103,29
13104,23
13105,32
13109,29
13110,189
13111,14
13112,33
13113,29
13114,20
13115,31
13116,17
13117,32
13118,18
13119,26
13120,246
13121,7
13122,28
13123,6
13124,51
13126,13
13127,523
13129,17
13130,167
13140,175
13150,233
13160,184
13170,259
13180,95
13190,332
1320,63
13200,753
13210,229
13220,117
13230,88
13240,131
13250,88
13260,294
13270,165
13280,30
13290,321
1330,108
13300,589
13310,86
13320,136
13330,94
13340,129
13350,27
13360,147
13370,63
13380,194
13390,129
1340,170
13400,1306
13410,83
13420,172
13430,59
13440,47
13450,44
13460,93
13470,111
13480,152
13490,33
1350,89
13500,487
13510,86
13520,83
13530,104
13540,46
13550,57
13560,82
13570,60
13580,55
13590,58
1360,72
13600,914
13610,67
13620,73
13630,38
13640,53
13650,34
13660,50
13670,62
13680,48
13690,38
1370,103
13700,368
13710,71
13720,58
13730,67
13740,46
13750,46
13760,49
13770,90
13780,66
13790,88
1380,83
13800,324
13810,24
13820,28
13821,147
13830,82
13840,36
13850,53
13860,40
13870,46
13880,80
13890,39
1390,88
13910,27
13920,50
13930,15
13940,29
13950,32
13960,76
13980,21
13990,68
1400,156
14000,1493
1410,45
14100,509
14110,106
14111,15
14112,20
14113,21
14114,16
14117,15
14120,146
14121,6
14123,116
14130,257
14140,281
14150,84
14160,99
14170,130
14190,83
1420,41
14200,212
14210,168
14220,189
14230,123
14240,117
14250,108
14260,186
14270,88
14280,47
14290,146
1430,71
14310,108
14320,77
14330,98
14340,123
14350,171
14360,120
14370,117
14380,140
14390,93
1440,98
14400,396
14410,69
14420,56
14430,107
14440,54
14450,35
14460,43
14470,95
14480,104
14490,77
1450,66
14500,305
14510,26
14520,56
14530,27
14540,75
14550,38
14570,44
14590,35
1460,85
14600,249
14610,81
14620,36
14630,34
14640,48
14650,42
14670,78
14680,48
14690,49
1470,45
14700,258
14710,95
14730,26
14740,65
14750,24
14760,45
14770,56
14780,16
14790,43
1480,136
14800,220
14810,25
14830,16
14840,27
14850,14
14860,39
14880,41
14910,38
14920,8
14930,31
14940,24
14950,22
14960,19
14970,17
14980,23
14990,21
1500,243
15000,792
1510,85
15100,323
15110,98
15120,67
15130,150
15140,112
15150,88
15160,40
15170,104
15190,67
15200,186
15210,42
15220,52
15230,65
15240,53
15250,82
15260,29
15270,52
15290,44
15300,178
15310,47
15320,79
15340,35
15350,19
15380,32
1540,47
15400,131
15430,16
1550,29
15500,115
15590,27
1560,106
15600,126
1570,58
15700,61
1580,38
15800,92
1590,29
1600,204
16000,915
16100,498
16110,168
16120,172
16130,128
16140,151
16150,102
16160,78
16170,138
16190,103
16200,193
16210,131
16220,98
16230,116
16240,80
16250,94
16260,82
16270,74
16290,43
1630,127
16300,194
16310,64
16320,101
16330,65
16340,70
16350,41
16360,79
16370,47
16380,43
16390,74
1640,56
16400,144
16410,81
16420,29
16430,107
16440,99
16450,40
16460,53
16470,42
16480,52
16490,27
16500,180
16510,13
16560,53
16570,17
16590,19
1660,35
16600,112
16620,5
16700,195
16710,52
16720,9
16730,45
1680,30
16800,133
1700,184
17000,1457
1710,25
17100,592
17110,102
17111,17
17113,11
17120,155
17123,9
17130,138
17132,35
17137,76
17138,92
17139,32
17140,60
17150,85
17160,133
17170,131
17180,81
17190,78
17200,463
17210,114
17220,158
17230,157
17240,135
17250,151
17260,121
17270,85
17290,157
17300,472
17310,138
17320,164
17330,103
17340,90
17350,102
17360,52
17370,55
17380,137
17390,100
17400,341
17410,87
17420,69
17430,174
17440,93
17450,77
17460,93
17470,94
17480,71
17490,37
1750,59
17500,292
17510,45
17520,101
17530,38
17540,74
17550,49
17560,43
17570,43
17580,37
17590,48
17600,283
17610,48
17620,72
17630,39
17640,47
17650,29
17670,43
17690,36
17700,225
17730,31
17740,24
17750,21
17770,153
17780,51
17800,196
17810,45
17840,21
17870,16
17880,25
17890,6
17920,16
17940,20
1800,190
18000,1071
18100,396
18110,121
18120,101
18130,131
18140,124
18150,80
18160,70
18170,81
18190,87
18200,313
18210,61
18220,109
18230,92
18240,75
18250,65
18260,95
18270,40
18290,55
18300,246
18310,65
18320,70
18330,52
18340,108
18350,104
18360,41
18370,74
18380,49
18390,107
18400,122
18410,70
18500,177
1851,19
18510,21
18520,46
18570,73
18600,117
18700,102
18800,92
19000,517
19100,796
19110,93
19120,122
19130,137
19140,101
19150,117
19160,109
19170,109
19190,99
19200,348
19210,79
19220,84
19230,95
19240,104
19250,105
19260,46
19270,96
19290,66
19300,156
19310,49
19320,171
19330,45
19340,99
19350,48
19360,121
19370,42
19380,47
19390,42
19400,62
19410,46
19430,62
19450,22
19460,26
19470,20
19490,15
19500,127
19510,41
19520,33
19550,42
19560,8
1960,69
19600,114
19700,76
19800,103
1990,41
2000,638
20000,1594
20090,729
20100,176
20110,166
20111,30
20112,19
20113,39
20114,20
20115,11
20116,6
20117,39
20118,45
20119,9
20121,9
20122,9
20123,9
20124,24
20125,12
20126,8
20127,6
20128,17
20129,21
20130,48
20131,5
20132,8
20133,11
20134,11
20135,7
20136,5
20137,455
20138,14
20139,4
20140,49
20141,5
20142,5
20143,8
20144,31
20145,49
20146,17
20147,24
20148,3
20150,43
20151,13
20152,2
20153,2
20157,1
20160,15
20163,4
20164,2
20165,1
20166,100
20167,259
20168,1
20169,154
20170,29
20171,9
20172,10
20173,2
20190,15
20200,727
20212,16
20213,69
20214,41
20215,54
20217,60
20218,56
20219,11
20220,160
20221,52
20222,19
20224,26
20225,21
20226,23
20227,4
20228,31
20229,23
20230,102
20231,7
20232,25
20233,16
20234,17
20235,13
20236,15
20237,15
20238,10
20239,7
20240,91
20242,10
20243,52
20244,18
20245,9
20246,14
20247,9
20248,10
20250,202
20251,12
20252,10
20253,13
20256,9
20259,9
20260,127
20270,50
20272,9
20275,7
20276,3
20279,3
20287,4
20290,191
20600,269
20620,81
2100,799
21000,4268
2110,202
21110,294
21120,264
21121,233
21130,184
21140,281
21150,208
21160,187
21170,123
21190,153
2120,239
21200,503
21210,222
21220,251
21230,101
21240,118
21250,213
21260,82
21270,117
21290,84
2130,137
21300,336
21310,201
21320,167
21330,96
21340,96
21350,125
21360,91
21370,93
21380,65
21390,83
2140,220
21400,303
21410,80
21420,56
21430,47
21440,97
21450,88
21460,73
21470,30
21490,101
2150,51
21500,381
21510,61
21520,53
21530,40
21540,104
21550,23
21560,66
21570,35
21580,54
21590,13
2160,168
21600,226
21610,76
21630,20
21640,23
21690,33
2170,56
21700,467
21760,12
21800,276
21820,15
21850,116
2190,123
21910,59
2200,625
22000,842
2210,137
22100,969
22110,176
22120,140
22130,318
22140,145
22150,212
22160,111
22170,169
22190,138
2220,151
22200,384
22210,157
22220,132
22230,125
22240,145
22250,272
22260,114
22270,158
22290,270
2230,30
22300,528
22310,71
22320,103
22330,171
22340,90
22350,203
22360,59
22370,73
22380,159
22390,56
2240,123
22400,418
22410,121
22420,83
22430,71
22440,141
22450,143
22460,88
22470,82
22480,100
22490,128
2250,125
22500,342
22510,124
22520,106
22530,88
22540,60
22550,170
22560,94
22570,67
22580,114
22590,78
2260,103
22600,297
22610,65
22620,75
22630,134
22640,117
22650,86
22660,46
22680,16
22690,67
2270,163
22700,186
22710,41
22720,27
22730,42
22740,84
22750,37
22770,41
22780,41
22800,148
22810,71
22820,25
22830,52
22860,45
22870,40
2290,121
22930,9
22940,60
22950,69
22960,38
22970,57
22980,142
2300,369
23000,534
2310,123
23100,38
23110,77
23120,19
23130,65
23140,51
23150,96
23160,60
23170,79
23190,44
2320,118
23200,198
23210,78
23220,86
23230,56
23240,42
23250,86
23260,76
23270,58
23290,31
2330,89
23300,173
23320,79
23340,37
23350,36
23360,23
23380,20
2340,112
23400,162
23420,11
23430,33
23450,9
23460,79
23480,36
2350,95
23500,76
2360,89
23600,134
2370,76
23700,103
2380,71
23800,101
2390,47
2400,408
24000,753
2410,28
24100,542
24110,124
24120,186
24130,132
24140,65
24150,114
24160,85
24170,86
24190,60
2420,109
24200,335
24210,82
24220,121
24230,55
24240,91
24250,97
24260,115
24270,60
24290,125
2430,37
24300,161
24310,132
24320,100
24330,95
24340,80
24350,67
24360,67
24370,57
24380,145
24390,57
2440,35
24400,140
24410,105
24420,70
24430,97
24440,61
24450,42
24460,53
24470,30
24480,71
24490,41
2450,32
24500,95
24510,47
24520,51
24530,41
24540,58
24550,35
24560,51
24570,21
24580,33
24590,60
2460,33
24600,189
24610,55
24620,31
24630,20
24640,28
24650,25
24660,98
24680,29
2470,61
24700,171
24750,271
2480,52
24800,146
2490,56
2500,221
25000,1977
2510,24
25110,223
25111,13
25113,21
25115,16
25120,106
25130,41
25140,63
25150,126
25160,106
25170,138
25190,152
2520,20
25200,584
25210,118
25220,137
25230,61
25240,132
25250,172
25260,64
25270,132
25290,117
25300,466
25310,104
25320,129
25330,139
25340,126
25350,34
25360,118
25370,103
25380,103
25390,122
2540,39
25400,206
25410,128
25420,80
25430,95
25440,192
25450,22
25460,33
25470,103
25480,91
25490,33
2550,15
25500,214
25510,73
25520,89
25530,110
25550,90
25560,120
25570,18
25580,132
25600,104
25610,24
25620,85
25630,17
25640,169
25650,76
25660,101
25680,120
25690,32
2570,31
25700,104
25720,53
25750,44
25770,41
25790,19
2580,31
25800,105
25820,15
25840,18
25870,160
2590,59
25920,7
25930,6
25960,8
2600,193
26000,1146
2610,21
26100,517
26110,311
26120,218
26130,109
26140,152
26150,156
26160,107
26170,167
26190,158
2620,14
26200,553
26210,62
26220,100
26230,88
26240,228
26250,74
26260,120
26270,132
26290,51
2630,21
26300,337
26310,76
26320,40
26330,54
26340,77
26350,54
26380,19
26390,32
2640,19
26400,366
26410,50
26420,83
26450,58
26460,43
26470,41
2650,22
26500,181
26510,66
26530,11
26540,22
26560,56
26570,23
26600,256
26620,21
2670,18
26700,207
26730,44
26740,109
26750,91
26760,70
26770,66
26780,65
26790,93
2680,22
26800,180
2690,23
2700,181
27000,715
27100,150
27110,193
27120,201
27130,170
27140,131
27150,115
27160,215
27170,144
27180,107
27190,184
2720,22
27200,237
27210,126
27220,168
27230,112
27240,68
27250,81
27260,69
27270,88
27290,91
27300,308
27310,117
27320,84
27330,86
27340,83
27350,50
27360,24
27370,183
27380,107
27390,31
27400,336
27410,47
27420,55
27430,45
27440,42
27450,40
27460,36
27470,23
27480,39
27490,37
27500,261
27510,54
27520,95
27530,28
27540,24
27550,19
27560,34
27570,26
27580,24
27590,16
2760,11
27600,149
27610,17
27620,41
27630,43
27640,18
27650,17
27660,15
27670,34
27680,58
27690,18
27700,212
27710,5
27720,14
27730,20
27740,16
27750,14
27760,8
27770,4
27780,10
27790,3
27800,139
27810,10
27820,17
27830,5
27850,10
27860,6
27870,10
27890,3
2790,6
27910,36
27920,10
27930,217
27940,41
27950,85
2800,165
28000,684
2810,45
28100,420
28110,145
28120,164
28130,168
28140,123
28150,186
28160,145
28170,153
28190,191
2820,82
28200,370
28210,159
28220,149
28230,66
28240,200
28250,96
28260,128
28270,105
28290,58
2830,39
28300,277
28310,164
28320,84
28330,95
28340,48
28350,33
28360,61
28380,22
2840,48
28400,286
28410,104
28480,110
2850,69
28500,263
2860,92
28600,46
28630,181
2870,45
28700,236
2880,132
28800,188
29000,1025
29100,292
29120,235
29140,152
29150,163
29160,137
29170,127
29180,78
29190,148
29200,1493
29217,70
29233,32
29241,21
29242,19
29246,22
29250,165
29252,20
29253,10
29259,8
29260,206
29270,208
29280,77
29290,139
29300,286
29310,34
29340,47
29350,60
29360,32
29370,61
29380,86
29390,71
29400,202
29410,118
29420,57
29430,93
29440,61
29450,61
29460,132
29470,91
29480,55
29490,109
29500,60
29510,139
29520,102
29530,96
29540,24
29550,76
29560,58
29570,58
29590,104
29600,462
29610,67
29620,59
29630,47
29640,69
29650,53
29660,33
29670,61
29680,63
29690,95
29700,72
29710,154
29720,78
29730,72
29740,20
29750,31
29760,57
29770,150
29780,44
29790,71
29800,312
29810,63
29820,55
29830,101
29840,45
29850,64
29860,122
29870,86
29880,45
29890,57
29900,294
29910,48
29920,36
29930,79
29940,41
29950,81
29970,18
29980,22
29990,11
3000,629
30000,1260
30100,823
30110,229
30111,14
30114,11
30120,226
30121,7
30122,10
30124,10
30125,10
30126,35
30127,50
30128,55
30129,58
30130,158
30131,27
30132,47
30133,62
30140,190
30150,114
30160,133
30170,139
30190,210
30200,427
30210,210
30220,144
30230,78
30240,228
30250,192
30260,133
30270,52
30290,53
30300,277
30310,42
30320,127
30330,102
30340,184
30350,112
30360,103
30380,57
30390,88
30400,132
30410,20
30420,25
30430,73
30440,64
30450,90
30460,58
30470,51
30480,33
30490,36
30500,150
30510,31
30520,47
30530,39
30540,41
30560,39
30570,72
30580,65
30600,170
30610,36
30620,107
30630,49
30640,29
30650,49
30660,26
30670,26
30700,298
30720,17
30730,50
30740,22
30750,38
30760,45
30770,40
30800,121
30820,28
30840,20
30870,30
30900,691
30920,17
30940,31
30960,45
30980,19
3100,628
31000,2127
3110,116
31100,726
31110,255
31120,252
31130,183
31140,217
31150,141
31160,134
31170,83
31180,66
31190,154
3120,162
31200,708
31210,161
31220,151
31230,117
31240,168
31250,136
31260,143
31270,167
31280,32
31290,179
3130,99
31300,662
31310,121
31320,178
31330,157
31340,124
31350,116
31360,82
31370,99
31380,103
31390,111
3140,113
31400,981
31410,106
31420,83
31430,58
31440,147
31450,154
31460,109
31470,169
31480,58
31490,47
3150,159
31500,615
31510,72
31520,142
31530,90
31540,48
31550,35
31560,75
31570,71
31580,28
31590,44
3160,103
31600,382
31620,167
31650,99
31660,56
31670,111
3170,70
31700,358
31750,29
31770,248
31780,48
31790,50
31800,484
31810,52
31820,34
31830,76
31840,49
31850,43
31860,51
31870,25
31880,23
3190,140
3200,764
32000,603
3210,115
32100,216
32110,101
32120,112
32130,79
32140,78
32150,71
32160,93
32170,66
32190,128
3220,96
32200,100
32220,59
32230,81
32240,52
32250,46
32260,56
32270,34
32290,53
3230,109
32300,198
32310,50
32320,24
32330,32
32340,32
32350,28
32360,40
32370,20
32380,89
32390,32
3240,93
32400,139
32410,27
32420,31
32430,31
32440,4
32450,55
32460,15
32480,20
32490,21
3250,133
32500,152
32550,69
3260,77
32600,143
3270,68
32700,141
32720,19
32730,31
32800,115
32810,36
3290,102
3300,234
33000,2134
3310,65
33100,200
33110,209
33112,47
33113,53
33114,34
33115,27
33120,330
33121,39
33123,35
33124,32
33125,38
33126,41
33127,73
33130,227
33133,22
33138,48
33140,240
33141,13
33150,203
33160,166
33170,157
33180,37
33185,69
33190,279
3320,82
33200,513
33210,330
33220,225
33230,227
33240,230
33250,122
33260,214
33270,133
33290,191
3330,63
33300,528
33310,155
33320,171
33330,99
33340,198
33350,209
33360,128
33370,170
33380,122
33390,230
3340,62
33400,357
33410,105
33420,157
33430,165
33440,87
33450,130
33460,93
33470,154
33480,109
33490,105
3350,62
33500,526
33510,121
33520,134
33530,64
33540,121
33550,88
33560,99
33570,99
33580,105
33590,68
3360,84
33600,443
33610,156
33620,84
33640,73
33650,136
33660,64
33670,113
33680,92
33690,38
3370,52
33700,678
33710,155
33720,131
33730,88
33740,54
33750,50
33760,72
33770,55
33780,67
33790,55
3380,91
33800,510
33810,20
33820,84
33830,54
33840,48
33850,55
33860,27
33870,30
33880,31
33890,19
3390,84
33910,68
33920,98
33930,27
33950,83
33970,46
33980,40
33990,61
3400,234
34000,1639
34070,527
34080,322
34090,494
3410,117
34100,1
34110,249
34120,217
34130,282
34140,126
34150,156
34160,207
34170,137
34190,158
3420,61
34200,625
34210,137
34220,97
34230,148
34240,70
34250,116
34260,95
34270,161
34280,158
34290,156
3430,60
34300,424
34310,117
34320,80
34330,49
34340,104
34350,125
34360,86
34370,107
34380,64
34390,85
3440,19
34400,371
34410,98
34420,105
34430,105
34440,51
34450,72
34460,41
34470,103
34480,113
34490,102
3450,62
34500,1028
34510,45
34520,49
34530,44
34540,101
34550,40
34560,78
34570,89
34590,46
3460,46
34600,198
34610,51
34620,40
34630,37
34650,34
34660,71
34670,68
34680,31
34690,50
3470,32
34700,236
34710,24
34720,10
34725,50
34730,36
34740,64
34750,55
34760,23
34770,45
34790,47
34800,295
34810,19
34820,48
34830,55
34850,10
34880,27
34920,71
34970,157
34980,116
34990,40
3500,236
35000,1801
3510,18
35111,24
35113,28
35114,19
35120,233
35130,145
35131,78
35132,38
35133,287
35134,33
35135,75
35136,119
35137,71
35140,160
35150,209
35160,183
35170,110
35190,224
35200,287
35210,91
35220,114
35230,138
35235,49
35240,93
35250,157
35260,86
35270,145
35290,145
35300,280
35310,153
35320,111
35330,120
35340,111
35350,76
35360,190
35370,167
35380,132
35390,85
35400,747
35410,126
35420,143
35430,117
35440,63
35450,78
35460,225
35470,139
35480,87
35490,63
35500,374
35510,213
35520,135
35530,85
35540,94
35550,116
35560,95
35580,186
35590,81
35600,267
35610,99
35620,33
35630,89
35640,53
35650,62
35660,41
35680,78
35690,48
35700,334
35720,92
35730,58
35740,60
35750,66
35760,146
35770,55
35780,33
35800,261
35830,77
35850,82
35870,16
35890,54
35960,18
3600,123
36000,739
36100,282
36110,148
36120,127
36130,125
36140,79
36150,88
36160,84
36170,91
36180,24
36190,45
36200,236
36210,114
36220,99
36230,122
36240,36
36250,72
36260,59
36270,43
36290,78
3630,41
36300,266
36310,38
36320,35
36330,69
36340,42
36350,20
36360,48
36370,68
36400,255
36500,166
36600,136
36700,122
36800,139
3700,120
37000,1607
37100,324
37110,205
37120,157
37130,145
37140,156
37150,139
37160,119
37170,150
37190,114
37200,109
37210,170
37220,111
37230,133
37240,120
37250,111
37260,91
37270,169
37290,93
37300,268
37310,81
37320,92
37330,121
37340,102
37350,69
37360,122
37370,121
37380,77
37390,129
37400,181
37420,82
37460,105
37500,284
37510,116
37520,86
37530,145
37540,184
37550,143
37600,266
37700,202
37800,199
3800,213
38000,4687
38070,109
38080,117
38090,163
38100,1899
38110,346
38112,49
38113,40
38114,57
38118,18
38119,33
38120,377
38121,30
38122,20
38130,573
38134,23
38138,18
38140,372
38142,44
38143,14
38144,9
38150,228
38160,567
38170,206
38180,128
38190,344
38200,537
38210,297
38220,353
38230,215
38240,371
38250,339
38260,276
38270,189
38280,54
38290,103
38300,658
38320,305
38330,209
38340,199
38350,385
38360,226
38370,57
38380,262
38390,83
38400,795
38410,210
38420,247
38430,236
38440,158
38450,186
38460,181
38470,267
38480,110
38490,157
38500,934
38510,156
38520,268
38530,236
38540,77
38550,183
38560,88
38570,141
38580,178
38590,141
38600,587
38610,133
38620,72
38630,104
38640,101
38650,137
38660,182
38670,49
38680,101
38690,134
38700,345
38710,135
38730,80
38740,49
38750,178
38760,104
38770,55
38780,105
38790,65
38800,253
38830,1
38840,68
38850,63
38860,136
38870,41
38880,73
38890,55
38920,125
38930,65
38940,51
38950,122
38960,34
38970,66
38980,35
39000,480
39100,984
39110,172
39120,181
39130,201
39140,160
39150,173
39160,133
39170,83
39190,138
39200,224
39210,113
39220,100
39230,119
39240,145
39250,176
39260,116
39270,144
39290,120
39300,360
39310,80
39320,81
39330,22
39350,64
39360,53
39370,27
39380,132
39400,172
39410,39
39460,23
39500,127
39520,8
39570,250
39600,192
39700,227
39800,255
4000,863
40000,706
40090,128
40100,482
40110,175
40120,133
40130,135
40140,113
40150,96
40160,106
40170,74
40180,150
40190,102
40200,155
40210,61
40220,95
40230,206
40240,73
40250,108
40260,72
40270,107
40280,98
40290,44
40300,185
40310,58
40320,146
40330,60
40350,40
40360,40
40370,47
40380,69
40390,85
40400,116
40410,56
40420,72
40430,22
40440,30
40460,24
40465,51
40480,31
40500,173
40510,52
40530,44
40550,29
40560,19
40600,137
40630,35
40660,49
40700,138
40800,146
40990,198
4100,412
41000,918
4110,49
41100,513
41110,140
41120,210
41130,141
41140,53
41150,114
41160,163
41170,117
41190,131
4120,137
41200,299
41210,100
41220,96
41230,77
41240,58
41250,98
41260,62
41270,84
41290,78
4130,44
41300,170
41310,81
41320,68
41330,60
41350,146
41360,59
41370,77
4140,160
41400,204
4150,92
41500,183
4160,137
41600,165
4170,115
41700,104
4180,28
41800,194
4190,77
4200,522
42000,2070
4210,100
42100,1490
42110,299
42111,26
42114,18
42120,216
42122,7
42123,21
42130,201
42131,11
42140,149
42150,112
42152,49
42153,102
42155,81
42160,199
42170,120
42190,119
4220,63
42210,137
42220,130
42230,88
42240,91
42260,136
42270,86
42290,63
4230,58
42300,913
42310,70
42320,94
42330,111
42340,87
42350,73
42360,81
42370,96
42380,119
42390,78
4240,89
42400,381
42410,110
42420,56
42430,57
42440,116
42450,73
42460,75
42470,52
42480,39
42490,19
4250,95
42500,180
42510,98
42520,84
42530,51
42540,36
42550,24
42560,70
42570,31
42580,44
42590,50
4260,70
42600,466
42610,44
42620,16
42630,36
42640,43
42650,69
42660,128
42670,57
42680,35
4270,90
42700,280
42720,74
42740,63
42750,22
42780,12
4280,27
42800,273
42810,12
42820,18
42830,24
42840,18
42890,15
4290,48
42920,29
42940,14
42990,22
4300,182
43000,616
4310,48
43100,258
43110,43
43120,107
43130,36
43140,82
43150,79
43160,82
43170,77
43190,59
4320,75
43200,234
43210,64
43220,64
43230,113
43240,33
43250,40
43260,82
43270,64
43290,55
4330,66
43300,173
43320,68
43330,32
43340,30
43350,67
43360,38
43370,47
43380,60
43390,29
4340,53
43400,32
43410,24
43420,44
43430,31
43440,20
43450,31
43490,26
4350,37
43500,132
43510,30
43520,21
43530,3
43550,7
43580,32
43590,19
4360,47
43600,68
43620,20
4370,47
43700,143
43750,45
43770,25
4380,23
43800,85
43810,8
4400,415
44000,1791
4410,18
44100,554
44110,314
44115,92
44116,18
44117,47
44118,35
44119,67
44120,196
44130,353
44140,122
44150,234
44160,345
44170,145
44190,206
4420,54
44200,461
44210,222
44220,207
44230,147
44240,114
44250,135
44260,283
44270,176
44290,254
44300,758
44310,94
44320,124
44330,161
44340,141
44350,344
44360,257
44370,120
44380,281
44390,155
44400,305
44410,233
44420,245
44430,106
44440,82
44450,112
44460,165
44470,211
44480,110
44490,211
44500,763
44510,252
44520,77
44521,40
44522,36
44530,170
44540,97
44550,163
44560,74
44570,110
44580,49
44590,85
44600,1655
44610,31
44620,51
44630,78
44640,103
44650,98
44660,39
44670,44
44680,99
44690,115
44700,195
44710,25
44720,80
44730,46
44740,78
44750,82
44760,62
44770,43
44780,89
44800,446
44810,47
44830,54
44840,48
44850,120
44860,60
44880,41
44980,84
4500,149
45000,2741
4510,76
45100,576
45110,249
45120,124
45130,448
45140,534
45150,196
45160,397
45170,264
45190,283
45200,550
45210,147
45220,128
45230,101
45240,296
45250,95
45260,96
45270,113
45290,81
4530,50
45300,751
45310,180
45320,87
45330,216
45340,254
45360,48
45370,139
45380,200
45390,182
45400,365
45410,110
45420,41
45430,167
45450,102
45460,83
45470,88
45480,184
45490,84
45500,329
45510,98
45520,118
45530,57
45550,61
45560,78
45570,26
45590,61
45600,144
45620,28
45630,19
45640,55
45650,114
45680,31
45700,172
45720,30
45730,34
45740,44
45750,103
45760,50
45770,228
45800,270
4600,81
46000,588
46090,141
46100,297
46110,87
46120,90
46130,144
46140,97
46150,69
46160,70
46170,92
46190,37
46200,160
46210,69
46220,47
46230,61
46240,56
46250,53
46260,50
46270,51
46300,189
46310,42
46320,57
46330,66
46340,41
46350,31
46360,21
46400,160
46500,191
4660,11
46600,115
46700,90
46800,91
4700,207
47000,1937
47110,100
47120,111
47130,106
47140,101
47150,84
47160,66
47170,80
47180,86
47190,185
47200,479
47210,61
47220,111
47230,110
47240,236
47250,52
47260,62
47270,67
47290,82
47300,510
47310,157
47320,71
47330,64
47340,80
47350,45
47360,69
47370,28
47380,40
47390,73
47400,204
47410,27
47420,28
47430,54
47440,39
47450,77
47470,18
47480,76
47500,208
47510,57
47520,200
47550,180
47600,186
47700,116
47800,132
4800,139
48000,465
48100,236
48110,57
48120,52
48130,67
48140,70
48150,63
48160,68
48170,82
48190,83
48200,179
48210,63
48220,52
48230,32
48240,17
48250,40
48260,32
48270,8
48300,139
48310,54
48320,38
48330,11
48340,24
48370,12
48400,216
4850,41
48500,103
4860,26
48600,71
4870,15
48700,39
48800,103
49000,1229
49070,164
49080,70
49100,2705
49110,403
49112,111
49120,406
49122,104
49123,137
49124,210
49125,132
49130,317
49140,362
49150,283
49160,161
49170,251
49190,121
49220,307
49230,157
49240,189
49250,293
49260,204
49270,264
49280,218
49290,265
49300,1495
49310,147
49320,295
49330,327
49340,93
49350,73
49360,129
49370,199
49380,166
49390,141
49400,591
49410,213
49420,265
49430,111
49440,246
49450,313
49460,169
49480,21
49490,97
49500,462
49510,97
49520,151
49530,112
49540,54
49560,31
49570,68
49590,23
49600,465
49610,143
49620,3
49630,31
49640,72
49650,65
49660,52
49670,29
49680,34
49690,23
49700,286
49710,43
49730,52
49740,36
49750,103
49770,51
49800,356
5000,890
50000,593
50100,529
50110,148
50120,91
50130,145
50140,129
50150,82
50160,111
50170,170
50180,72
50190,108
50200,389
50210,98
50220,143
50230,60
50240,133
50250,206
50260,116
50270,116
50290,97
50300,335
50310,91
50320,85
50330,103
50340,106
50350,46
50360,18
50370,108
50380,57
50390,89
50400,303
50410,91
50420,142
50430,68
50440,175
50450,103
50460,51
50470,42
50480,183
50490,54
50500,274
50510,39
50520,68
50530,110
50540,43
50550,36
50560,33
50570,101
50580,80
50590,59
50600,182
50610,37
50620,113
50630,53
50640,74
50660,76
50670,60
50680,69
50690,55
50700,183
50710,36
50720,72
50730,17
50740,26
50750,112
50760,63
50770,21
50800,164
50810,52
50840,11
50850,19
50860,5
50870,36
50880,16
50890,1
5100,338
51000,942
5110,63
51100,2144
51110,151
51120,416
51130,208
51140,136
51150,238
51160,172
51170,254
51190,191
5120,73
51200,987
51210,258
51220,158
51230,254
51240,177
51250,56
51260,185
51270,154
51290,152
5130,91
51300,548
51310,123
51320,113
51330,119
51340,129
51350,61
51360,77
51370,78
51380,62
51390,111
5140,64
51400,169
51420,82
51430,104
51450,72
51460,81
51470,63
51480,271
51490,97
5150,51
51500,271
51510,89
51520,83
51530,421
5160,59
51600,176
5170,47
51700,386
51800,356
5190,45
5200,273
52000,693
52100,552
52110,107
52120,120
52130,159
52140,108
52150,148
52160,75
52170,56
52190,147
5220,37
52200,325
52210,94
52220,126
52230,93
52240,63
52250,51
52260,60
52270,42
52290,30
5230,89
52300,233
52310,66
52320,90
52330,99
52340,47
52360,96
52370,24
5240,40
52400,148
52410,43
5250,47
52500,156
5260,138
52600,164
52700,193
52800,176
5290,50
5300,217
53000,887
5310,28
53100,256
53110,95
53120,119
53140,100
53150,123
53160,114
53170,158
53190,61
5320,23
53200,349
53210,54
53220,68
53230,93
53240,120
53250,87
53260,59
53270,89
53290,115
5330,39
53300,140
53320,85
53340,63
53350,43
53360,52
53370,40
53380,46
53390,40
5340,17
53400,170
53410,119
53420,20
53440,64
53470,53
53480,36
5350,59
53500,156
53540,26
53600,136
53640,57
53700,103
5380,21
53800,89
53810,68
53940,108
53950,51
53960,52
53970,44
5400,148
54000,1932
54100,49
54110,209
54111,12
54112,38
54113,66
54114,11
54115,75
54116,22
54118,10
54119,7
54120,140
54121,18
54122,68
54123,13
54129,6
54130,95
54134,14
54135,13
54136,24
54140,77
54150,255
54160,38
54170,122
54180,79
54190,104
54200,442
54210,140
54220,83
54230,131
54240,74
54250,59
54260,193
54270,68
54280,103
54290,125
54300,445
54310,62
54320,77
54330,133
54340,79
54350,69
54360,108
54370,195
54380,94
54385,54
54390,62
54400,358
54410,26
54420,32
54425,32
54430,30
54440,45
54450,225
54460,48
54470,147
54480,72
54490,87
54500,367
54510,94
54520,170
54530,48
54540,122
54550,46
54560,96
54570,46
54580,65
54590,18
5460,29
54600,108
54610,110
54620,80
54630,43
54640,37
54650,16
54660,15
54670,45
54680,22
54690,35
5470,27
54700,283
54710,73
54720,45
54730,38
54740,94
54750,18
54760,73
54770,39
54780,9
54790,7
5480,10
54800,342
54810,88
54820,15
54830,69
54840,84
54850,33
54860,24
54870,45
54880,17
54890,48
54910,22
54920,34
54930,48
54940,13
54950,28
54960,18
54970,21
54980,12
54990,9
5500,143
55000,751
55100,520
55110,146
55120,153
55130,147
55140,131
55150,96
55160,125
55170,105
55190,153
55200,255
55210,113
55220,66
55230,103
55240,44
55250,96
55260,124
55270,80
55290,45
55300,304
55310,17
55320,83
55400,161
55430,35
55500,216
5560,53
55600,165
55700,127
55800,129
55840,22
5600,182
56000,909
56100,893
56110,93
56120,162
56130,186
56140,202
56150,149
56160,117
56170,138
56190,150
56200,114
56220,128
56230,153
56240,151
56250,132
56260,59
56270,135
56290,51
56300,326
56310,119
56320,111
56330,80
56340,146
56350,97
56360,130
56370,92
56380,101
56390,137
56400,359
56410,67
56420,73
56430,95
56440,50
56450,102
56460,97
56470,73
56480,48
56490,94
56500,247
56510,31
56520,58
56530,80
56540,45
56550,69
56560,29
56570,29
56580,78
56590,31
56600,171
56610,31
56620,50
56630,22
56640,68
56650,35
56660,40
56670,44
56680,43
56690,52
56700,235
56730,15
56740,22
56750,26
56760,25
56770,29
56780,9
56800,244
56840,8
56850,79
56860,68
56870,44
56880,43
56890,116
56910,70
56920,97
56930,16
56950,26
5700,116
57000,1136
57050,239
57070,433
57100,478
57120,91
57130,139
57140,147
57150,104
57155,70
57160,166
57170,142
57175,11
57180,50
57185,43
57190,84
57200,412
57220,225
57230,172
57240,78
57245,41
57250,64
57255,30
57260,146
57270,84
57280,104
57290,88
57300,143
57310,76
57320,185
57330,105
57340,146
57350,120
57360,54
57365,45
57370,138
57380,122
57385,26
57390,79
57400,292
57405,21
57410,114
57412,35
57415,18
57420,215
57430,96
57440,50
57445,21
57450,71
57455,11
57460,59
57470,66
57480,187
57490,76
57500,209
57510,104
57515,11
57520,45
57525,62
57530,157
57535,33
57540,53
57550,78
57560,55
57565,25
57570,126
57580,121
57590,96
57600,320
57620,50
57630,50
57635,33
57640,92
57645,33
57650,51
57655,11
57660,102
57670,149
57680,53
57685,32
57690,84
57700,174
57710,31
57720,89
57730,66
57740,27
57770,13
57780,22
57790,64
57800,197
57810,74
57815,9
57820,41
57830,36
57840,22
57850,30
57855,16
57860,25
57865,22
57870,55
57880,30
57890,26
57905,33
57910,34
57915,19
57920,79
57925,12
57930,97
57935,18
57940,29
57950,170
57960,20
57970,237
57980,21
57990,30
5800,68
58000,796
58110,117
58120,130
58130,79
58140,88
58150,74
58160,73
58170,78
58180,26
58190,84
58200,212
58210,74
58220,56
58230,112
58240,106
58250,39
58260,50
58270,60
58290,59
58300,222
58310,59
58320,56
58330,50
58340,30
58350,26
58360,29
58370,20
58380,11
58390,20
58400,186
58410,25
58420,60
58430,17
58440,20
58450,22
58460,18
58470,42
58490,17
58500,157
58530,19
58600,76
58640,89
58660,27
58700,73
58800,105
59000,1158
59100,978
59110,180
59111,75
59112,82
59113,163
59114,122
59115,51
59116,46
59117,29
59118,65
59119,158
59120,150
59121,49
59122,282
59123,144
59124,38
59125,48
59126,44
59127,61
59128,140
59129,39
59130,168
59131,40
59132,84
59133,51
59134,50
59135,45
59136,40
59137,19
59138,43
59139,97
59140,1359
59141,57
59142,40
59143,131
59144,57
59145,29
59146,119
59147,42
59148,114
59149,28
59150,238
59151,149
59152,42
59153,87
59154,26
59155,118
59156,19
59157,64
59158,44
59159,31
59160,238
59161,45
59162,32
59163,98
59164,16
59165,83
59166,19
59167,91
59168,22
59169,104
59170,145
59171,82
59172,37
59173,53
59174,25
59175,55
59176,75
59177,34
59178,52
59179,67
59180,85
59181,32
59182,54
59184,27
59185,22
59186,23
59187,119
59188,34
59189,38
59190,300
59191,31
59192,36
59193,20
59194,76
59195,22
59198,25
59199,30
59200,756
59210,398
59211,33
59212,21
59213,43
59214,26
59215,20
59216,26
59217,32
59218,36
59219,17
59220,198
59221,33
59222,35
59223,74
59224,22
59225,26
59226,35
59227,25
59229,82
59230,180
59231,34
59232,17
59233,20
59234,59
59235,18
59236,20
59237,23
59238,11
59239,34
59240,891
59241,23
59242,71
59243,16
59244,17
59245,16
59246,12
59247,59
59249,15
59250,115
59251,16
59252,37
59253,35
59254,4
59255,8
59258,25
59259,40
59260,138
59261,12
59262,21
59263,17
59264,56
59265,53
59266,24
59267,34
59268,53
59269,20
59270,232
59271,16
59272,8
59273,48
59274,9
59277,14
59278,21
59279,121
59280,285
59281,10
59282,66
59283,64
59284,20
59285,37
59286,61
59287,122
59288,18
59290,169
59292,21
59293,14
59294,18
59295,24
59296,12
59297,10
59299,23
59300,722
59310,541
59320,245
59330,163
59350,92
59360,201
59370,122
59380,404
59390,127
59400,571
59410,129
59420,62
59430,366
59440,227
59450,291
59460,90
59470,391
59480,77
59490,343
59491,79
59492,20
59493,28
59494,46
59495,51
59496,21
59500,1426
59510,122
59520,56
59530,181
59540,224
59550,88
59551,19
59552,122
59553,107
59554,76
59560,84
59570,142
59580,247
59590,87
59600,441
59610,132
59620,118
59630,276
59640,264
59650,535
59660,89
59670,141
59680,72
59690,73
59700,291
59710,73
59720,62
59730,91
59740,87
59750,50
59760,181
59770,82
59777,25
59780,54
59790,97
59800,1502
59810,98
59820,253
59830,69
59840,71
59850,55
59860,60
59870,208
59880,66
59890,43
59910,68
59920,38
59930,53
59940,74
59950,123
59960,77
59970,60
59980,66
59990,72
6000,3203
60000,868
60100,341
60110,159
60112,50
60113,17
60117,29
60119,14
60120,161
60123,9
60126,27
60127,15
60128,32
60129,16
60130,172
60134,4
60138,9
60140,81
60141,4
60149,19
60150,134
60153,2
60155,15
60157,7
60160,81
60162,9
60170,82
60173,13
60175,19
60180,136
60190,151
60200,625
60210,137
60220,123
60230,53
60240,189
60250,113
60260,80
60270,68
60280,128
60290,67
60300,260
60310,107
60320,48
60330,62
60340,43
60350,125
60360,91
60370,47
60380,56
60390,67
60400,302
60410,64
60420,115
60430,72
60440,54
60460,28
60480,79
60490,100
60500,162
60510,150
60520,39
60530,100
60540,55
60550,35
60560,15
60570,32
60580,22
60590,78
60600,198
60610,51
60620,64
60640,55
60650,105
60660,38
60680,26
60690,41
60700,179
60710,20
60730,48
60740,46
60750,19
60790,32
60800,183
60810,41
60820,17
60840,28
60850,42
60860,15
60870,42
60880,26
60890,47
60930,14
60940,18
60950,35
60960,10
6100,921
61000,1017
6110,608
61100,441
61110,149
61120,164
61130,186
61140,133
61150,146
61160,145
61170,165
61190,131
61200,281
61210,114
61220,73
61230,64
61240,82
61250,269
61260,64
61270,69
61290,138
6130,572
61300,276
61310,77
61320,148
61330,43
61340,110
61350,78
61360,52
61370,35
61380,62
61390,68
6140,327
61400,221
61410,33
61420,52
61430,30
61440,30
61450,31
61470,50
61490,6
6150,393
61500,277
61550,72
61560,35
61570,100
6160,1333
61600,210
61700,163
61790,13
61800,136
6190,216
6200,974
62000,771
6210,330
62100,792
62110,232
62111,57
62112,23
62113,41
62114,36
62116,56
62117,34
62118,86
62119,27
62120,271
62121,86
62122,30
62123,106
62124,111
62126,41
62127,99
62128,110
62129,80
62130,281
62131,25
62132,33
62134,81
62136,53
62137,33
62138,167
62140,216
62141,18
62142,38
62143,20
62144,33
62145,35
62147,48
62149,54
62150,81
62151,24
62152,36
62153,21
62155,40
62156,44
62157,17
62158,39
62159,24
62160,112
62161,47
62162,15
62164,30
62170,264
62172,16
62173,31
62175,31
62176,35
62179,39
62180,85
62182,24
62185,26
62187,9
62190,171
62196,10
62199,7
6220,1127
62200,640
62210,110
62215,20
62217,147
62218,32
62219,98
62220,120
62221,38
62223,161
62224,14
62230,96
62231,99
62232,85
62240,126
62250,135
62260,125
62270,175
62280,105
62290,93
6230,209
62300,454
62310,138
62320,71
62330,88
62340,100
62350,70
62360,135
62370,113
62380,173
62390,109
6240,163
62400,527
62410,94
62420,49
62430,57
62440,73
62450,180
62460,59
62470,54
62480,72
62490,131
6250,262
62500,421
62510,77
62520,124
62530,57
62540,39
62550,110
62560,83
62570,74
62575,41
62580,118
62590,47
6260,125
62600,190
62610,99
62620,76
62630,148
62640,45
62650,109
62660,81
62670,36
62680,46
62690,124
6270,408
62700,243
62710,84
62720,42
62730,76
62740,32
62750,53
62760,87
62770,97
62780,61
62790,43
62800,233
62810,149
62820,35
62830,69
62840,93
62850,79
62860,154
62870,63
62880,98
62890,55
62910,50
62920,35
62930,70
62940,22
62950,43
62960,45
62970,28
62980,34
62990,91
6300,1576
63000,1766
6310,118
63100,565
63110,89
63111,25
63112,24
63113,16
63114,32
63115,12
63116,16
63117,8
63118,74
63119,23
63120,123
63122,84
63130,85
63140,81
63150,98
63160,138
63170,196
63190,123
6320,103
63200,455
63210,117
63220,163
63230,147
63240,99
63250,113
63260,98
63270,103
63290,111
6330,36
63300,270
63310,92
63320,184
63330,69
63340,159
63350,82
63360,93
63370,102
63380,103
63390,89
6340,176
63400,304
63410,87
63420,99
63430,98
63440,66
63450,102
63460,106
63470,77
63480,55
63490,77
63500,398
63510,51
63520,32
63530,120
63540,61
63550,52
63560,47
63570,132
63580,84
63590,87
6360,42
63600,267
63610,118
63620,44
63630,73
63640,24
63650,41
63660,76
63670,77
63680,59
63690,58
6370,125
63700,141
63710,34
63720,76
63730,88
63740,25
63750,21
63760,37
63770,30
63780,26
63790,50
6380,54
63800,168
63810,40
63820,37
63830,49
63840,60
63850,25
63870,47
63880,67
63890,49
6390,131
63910,30
63920,20
63930,29
63940,41
63950,32
63960,32
63970,50
63980,136
63990,12
6400,1710
64000,2905
6410,243
64100,844
64110,316
64120,214
64121,124
64122,60
64130,350
64140,460
64150,202
64160,257
64170,132
64190,139
6420,168
64200,584
64210,103
64220,180
64230,308
64240,168
64250,138
64260,210
64270,317
64290,95
6430,57
64300,532
64310,103
64320,190
64330,136
64340,59
64350,99
64360,97
64370,89
64390,111
6440,139
64400,702
64410,77
64420,111
64430,38
64440,170
64450,54
64460,32
64470,54
64480,67
64490,82
6450,193
64500,388
64510,98
64520,66
64530,106
64560,18
64570,89
6460,52
64600,400
64640,34
64660,7
64680,26
6470,96
64700,182
64780,35
6480,188
64800,386
64870,9
64990,112
6500,678
65000,950
6510,249
65100,516
65110,86
65120,173
65130,92
65140,106
65150,71
65170,148
65190,91
6520,13
65200,298
65220,91
65230,52
65240,123
65250,63
65260,37
65270,16
65290,50
6530,170
65300,189
65310,58
65320,67
65330,42
65350,87
65360,41
65370,73
65380,72
65390,22
6540,73
65400,262
65410,38
65420,30
65430,21
65440,9
65460,25
65490,11
6550,59
65500,161
65510,9
65560,8
65590,21
6560,219
65600,84
65660,3
65670,20
65690,34
6570,141
65700,159
65710,37
6580,64
65800,69
6590,44
6600,2222
66000,1765
6610,72
66100,316
66110,119
66120,97
66130,172
66140,171
66150,67
66160,70
66170,106
66180,25
66190,62
6620,93
66200,191
66210,186
66220,110
66230,57
66240,112
66250,73
66260,35
66270,64
66280,40
66290,31
66300,245
66310,35
66320,113
66330,93
66340,66
66350,59
66360,133
66370,25
66380,51
66390,22
6640,43
66400,164
66410,22
66420,98
66430,57
66440,22
66450,29
66460,15
66470,42
66480,50
66490,15
6650,46
66500,275
66510,16
66530,28
66540,21
66550,13
66560,13
66570,24
6660,85
66600,221
66610,18
66620,9
66650,63
66660,99
66670,37
66680,26
66690,73
6670,149
66700,229
66720,93
66730,45
66740,77
66750,135
66760,123
66800,81
66820,89
6690,51
6700,827
67000,2324
6710,31
67100,682
67110,171
67112,12
67113,8
67114,35
67115,21
67116,43
67117,63
67118,61
67120,288
67130,227
67140,196
67150,237
67160,238
67170,187
67190,110
67200,417
67201,55
67202,32
67203,16
67204,16
67205,31
67206,11
67207,13
67210,185
67220,177
67230,158
67240,155
67250,192
67260,191
67270,225
67280,39
67290,148
6730,54
67300,270
67310,217
67320,213
67330,181
67340,123
67350,189
67360,129
67370,210
67380,112
67390,147
6740,45
67400,222
67410,57
67420,72
67430,88
67440,109
67450,56
67460,43
67470,118
67480,111
67490,75
6750,55
67500,374
67510,52
67520,77
67530,37
67540,65
67550,55
67560,62
67570,31
67580,49
67590,74
67600,365
67610,31
67620,31
67630,52
67640,53
67650,60
67660,42
67670,35
67680,27
67690,31
67700,279
67710,25
67720,89
67730,43
67750,32
67760,32
67770,30
67790,17
67800,176
67810,15
67820,13
67840,10
67850,49
67860,46
67870,41
67880,20
6790,13
67920,33
67930,30
67960,44
67970,12
67980,9
67990,4
6800,1701
68000,892
68040,34
6810,21
68100,660
68110,125
68116,14
68118,10
68120,75
68121,10
68124,10
68125,22
68126,14
68127,81
68128,42
68130,191
68140,129
68150,130
68160,121
68170,85
68180,46
68190,86
68200,553
68210,230
68220,138
68230,100
68240,125
68250,107
68260,61
68270,119
68280,45
68290,126
6830,39
68300,251
68310,69
68320,136
68330,70
68340,44
68350,76
68360,63
68370,27
68380,43
68390,95
68400,97
68410,5
68420,93
68440,110
68460,44
68470,46
68480,237
68490,80
6850,29
68500,234
68510,106
68520,43
68530,20
68540,34
68550,43
68560,54
68570,45
68580,61
68590,48
68600,133
68610,25
68620,15
68630,41
68640,59
68650,41
68660,28
68680,39
68690,15
68700,175
68720,123
68730,45
68740,120
68750,26
68760,16
68770,31
68780,39
68790,24
68800,160
68820,16
68830,14
68840,17
68850,12
68870,35
68890,34
68910,15
68920,72
68950,14
68960,36
68970,31
68980,24
68990,22
69001,730
69002,1443
69003,2126
69004,551
69005,635
69006,1679
69007,1275
69008,719
69009,618
6910,65
69100,1832
69110,182
69115,8
69120,457
69124,56
69125,6
69126,41
69130,203
69140,267
69150,279
69160,240
69170,232
69190,158
69200,517
69210,252
69220,231
69230,194
69240,164
69250,160
69260,52
69270,152
69280,51
69290,170
69300,498
69310,105
69320,105
69330,323
69340,90
69350,64
69360,188
69370,59
69380,231
69390,101
69400,799
69410,71
69420,121
69430,185
69440,178
69450,54
69460,110
69470,87
69480,161
69490,101
6950,21
69500,494
69510,97
69520,65
69530,171
69540,76
69550,101
69560,51
69570,107
69580,55
69590,100
69600,313
69610,97
69620,159
69630,76
69640,69
69650,42
69660,37
69670,71
69680,140
69690,61
69700,327
69720,106
69730,31
69740,133
69760,73
69770,38
69780,144
69790,46
69800,411
69820,34
69830,43
69840,48
69850,39
69860,50
69870,115
69890,37
69910,40
69930,56
69960,94
69970,54
7000,386
70000,834
70100,365
70110,191
70120,145
70130,140
70140,106
70150,109
70160,118
70170,105
70180,94
70190,227
70200,365
70210,101
70220,36
70230,109
70240,100
70250,33
70270,77
70280,27
70290,65
70300,268
70310,57
70320,43
70360,78
70400,323
70440,27
70500,228
70600,87
70700,161
70800,160
7100,292
71000,722
7110,164
71100,974
71110,130
71118,10
71120,142
71130,146
71140,121
71150,178
71160,157
71170,118
71190,86
7120,121
71200,326
71210,142
71220,93
71230,84
71240,187
71250,215
71260,157
71270,116
71290,106
7130,158
71300,296
71310,68
71320,53
71330,87
71340,36
71350,111
71360,62
71370,63
71380,116
71390,153
7140,121
71400,310
71410,30
71420,65
71430,39
71440,49
71450,52
71460,155
71470,60
71480,80
71490,57
7150,134
71500,281
71510,83
71520,127
71530,107
71540,21
71550,19
71570,122
71580,77
71590,24
7160,149
71600,210
71620,46
71640,119
71670,30
71680,46
7170,108
71700,176
71710,57
71740,24
71760,26
71800,177
71850,78
71870,16
71880,63
7190,100
71960,126
71990,26
7200,490
72000,1130
7210,81
72100,490
72110,156
72120,171
72130,187
72140,136
72150,105
72160,149
72170,163
72190,94
7220,80
72200,255
72210,134
72220,143
72230,165
72240,154
72250,53
72260,117
72270,78
72290,76
7230,56
72300,323
72310,101
72320,130
72330,68
72340,121
72350,87
72360,54
72370,39
72380,81
72390,54
7240,90
72400,244
72430,91
72440,85
72450,39
72460,36
72470,60
7250,56
72500,237
72510,82
72530,28
72540,130
72550,58
72560,45
7260,98
72600,288
72610,205
72650,116
7270,110
72700,164
72800,180
7290,82
7300,262
73000,1113
7310,92
73100,531
73110,140
73120,301
73130,171
73140,190
73150,186
73160,115
73170,95
73190,136
7320,71
73200,972
73210,415
73220,200
73230,128
73240,77
73250,78
73260,204
73270,100
73290,129
7330,40
73300,693
73310,95
73320,208
73330,81
73340,66
73350,102
73360,55
73370,80
73390,78
7340,151
73400,256
73410,100
73420,101
73440,171
73450,100
73460,152
73470,41
73480,132
73490,86
7350,32
73500,445
73520,13
73530,50
73540,60
73550,163
73570,55
73590,128
7360,53
73600,405
73610,31
73620,72
73630,66
73640,27
73660,36
73670,19
7370,45
73700,645
73710,49
73720,19
73730,27
73790,13
7380,102
73800,244
73870,49
7400,178
74000,1329
7410,60
74100,935
74110,173
74120,271
74130,326
74140,251
74150,284
74160,317
74170,184
74190,94
74200,734
74210,227
74220,124
74230,164
74240,147
74250,108
74260,42
74270,154
74290,67
7430,108
74300,455
74310,61
74320,51
74330,242
74340,63
74350,110
74360,73
74370,191
74380,91
74390,56
7440,50
74400,318
74410,78
74420,72
74430,70
74440,116
74450,86
74460,41
74470,53
74480,25
74490,52
7450,23
74500,401
74520,70
74540,140
74550,48
74560,22
74570,54
74580,28
7460,61
74600,235
74650,29
74660,19
7470,43
74700,294
74740,15
74800,287
74890,66
74910,86
74920,43
74930,96
74940,266
74950,85
74960,321
74970,45
7500,96
75001,2770
75002,2052
75003,1964
75004,1435
75005,2143
75006,2462
75007,3053
75008,7896
75009,5187
75010,3463
75011,3741
75012,3532
75013,2665
75014,3050
75015,5766
75016,2752
75017,5711
75018,3857
75019,2373
75020,2887
7510,38
75116,3752
7520,21
7530,45
7560,29
7570,20
7580,19
7590,60
7600,89
76000,1297
7610,15
76100,580
76110,141
76111,21
76113,24
76116,68
76117,12
76119,21
76120,138
76130,236
76133,39
76140,182
76150,136
76160,190
76170,228
76190,346
76200,474
76210,265
76220,192
76230,179
76240,104
76250,80
76260,216
76270,371
76280,88
76290,144
7630,7
76300,219
76310,44
76320,254
76330,106
76340,261
76350,83
76360,155
76370,224
76380,117
76390,213
76400,356
76410,234
76420,75
76430,164
76440,172
76450,179
76460,118
76470,102
76480,145
76490,107
76500,565
76510,97
76520,145
76530,111
76540,116
76550,99
76560,142
76570,103
76580,56
76590,135
7660,29
76600,1206
76610,161
76620,269
76630,121
76640,128
76650,60
76660,124
76680,167
76690,118
76700,180
76710,87
76720,57
76730,120
76740,111
76750,124
76760,91
76770,86
76780,75
76790,61
76800,226
76810,48
76840,35
76850,55
76860,37
76870,23
76880,35
76890,134
7690,68
76910,36
76920,17
76930,36
76940,54
76950,22
76960,43
76970,25
76980,10
7700,150
77000,800
77090,29
77100,593
77111,28
77114,24
77115,18
77118,17
77120,344
77122,13
77123,28
77124,87
77126,16
77127,94
77130,384
77131,24
77133,13
77134,13
77135,15
77138,13
77139,21
77140,270
77141,7
77144,42
77145,10
77148,10
77150,66
77151,8
77154,9
77157,7
77160,290
77163,23
77164,22
77165,61
77166,58
77167,38
77169,47
77170,187
77171,28
77173,25
77174,21
77176,111
77177,24
77178,31
77181,62
77183,60
77184,44
77185,95
77186,100
77190,190
77200,154
77210,125
77220,181
77230,183
77240,127
77250,192
77260,159
77270,135
77280,27
77290,188
77300,327
77310,102
77320,196
77330,129
77340,200
77350,114
77360,65
77370,161
77380,98
77390,178
77400,372
77410,218
77420,199
77430,52
77440,142
77450,146
77460,60
77470,85
77480,129
77500,390
77510,117
77515,66
77520,89
77540,110
77550,115
77560,50
77570,66
77580,156
77590,79
77600,114
77610,113
77620,40
77630,54
77640,40
77650,72
77660,21
77670,43
77680,107
77690,32
77700,158
77710,76
77720,136
77730,33
77750,42
77760,134
77780,28
77810,18
77820,59
77830,39
77840,32
77850,25
77860,71
77870,17
77880,14
77890,32
7790,9
77910,45
77920,27
77930,89
77940,85
77950,78
77970,43
77990,50
7800,153
78000,1680
78100,694
78110,284
78111,10
78112,36
78113,40
78114,70
78117,23
78120,315
78121,18
78124,25
78125,117
78126,10
78130,240
78140,234
78150,335
78160,178
78170,147
78180,240
78190,253
78200,559
78210,116
78220,203
78230,128
78240,65
78250,154
78260,101
78270,146
78280,210
78290,66
78300,389
78310,245
78320,97
78330,66
78340,144
78350,91
78360,104
78370,257
78380,97
78390,73
78400,251
78410,162
78420,95
78430,73
78440,162
78450,74
78460,67
78470,79
78480,62
78490,143
78500,336
78510,62
78520,157
78530,56
78540,58
78550,133
78560,40
78570,145
78580,77
78590,51
78600,323
78610,92
78620,23
78630,97
78640,96
78650,62
78660,86
78670,52
78680,57
78690,52
78700,299
78710,28
78711,91
78720,48
78730,79
78740,46
78750,23
78760,56
78770,73
78780,24
78790,68
78800,284
78810,35
78820,15
78830,34
78840,46
78850,25
78860,37
78870,28
78890,19
78910,85
78920,24
78930,86
78940,26
78950,11
78955,67
78960,58
78970,29
78980,66
78990,151
79000,1790
79100,434
79110,214
79120,178
79130,100
79140,107
79150,173
79160,201
79170,171
79180,72
79190,171
79200,329
79210,156
79220,126
79230,168
79240,105
79250,63
79260,137
79270,158
79290,81
79300,348
79310,65
79320,53
79330,81
79340,72
79350,60
79360,137
79370,231
79380,36
79390,66
79400,407
79410,120
79420,52
79430,17
79440,27
79450,23
79460,31
79500,256
79510,34
79600,191
79700,172
79800,197
8000,1001
80000,1120
80080,204
80090,213
80100,888
80110,111
80115,24
80118,5
80120,381
80122,9
80130,120
80131,12
80132,172
80134,10
80135,69
80136,41
80140,155
80150,198
80160,153
80170,101
80190,72
80200,611
80210,167
80220,176
80230,125
80240,74
80250,98
80260,146
80270,78
80290,175
80300,313
80310,80
80320,79
80330,53
80340,76
80350,39
80360,97
80370,70
80390,26
80400,225
80410,39
80420,56
80430,61
80440,111
80450,50
80460,65
80470,82
80480,128
80490,57
80500,191
80510,67
80520,22
80540,62
80550,151
80560,77
80570,39
80580,62
80600,220
80610,24
80620,49
80630,14
80640,55
80650,24
80670,32
80680,34
80690,40
80700,166
80710,18
80740,28
80750,21
80770,29
80780,11
80800,240
80820,8
80830,20
80850,12
80860,62
80870,25
80880,15
80890,10
8090,158
80910,7
80960,4
80970,14
80980,6
81000,1798
81090,23
8110,134
81100,613
81110,60
81120,320
81130,49
81140,101
81150,155
81160,185
81170,154
81190,121
8120,47
81200,320
81210,95
81220,94
81230,94
81240,71
81250,100
81260,106
81270,33
81290,100
8130,141
81300,237
81310,108
81320,29
81330,52
81340,77
81350,47
81360,38
81370,80
81380,67
81390,31
8140,108
81400,552
81430,71
81440,71
81450,16
81470,54
81490,26
8150,86
81500,262
81530,22
81540,56
81570,54
81580,30
8160,107
81600,521
81630,62
81640,51
81660,60
8170,104
81700,115
81710,43
81800,167
8190,97
81990,95
8200,372
82000,855
8210,80
82100,185
82110,70
82120,55
82130,77
82140,55
82150,47
82160,66
82170,85
82190,33
8220,89
82200,205
82210,53
82220,38
82230,49
82240,42
82250,20
82270,28
82290,68
8230,79
82300,112
82330,25
82340,53
82350,24
82360,19
82370,104
82390,11
8240,110
82400,130
82410,11
82440,23
8250,94
82500,141
8260,62
82600,93
8270,85
82700,110
82710,32
82800,111
8290,55
8300,363
83000,1583
8310,113
83100,294
83110,236
83111,15
83119,10
83120,368
83130,346
83131,16
83136,180
83140,372
83143,31
83149,17
83150,250
83160,287
83170,367
83190,173
8320,57
83200,521
83210,296
83220,109
83230,142
83240,151
83250,108
83260,141
83270,170
8330,37
83300,534
83310,359
83320,112
83330,198
83340,308
83350,60
83370,116
83380,62
83390,215
83400,736
83420,80
83430,77
83440,293
83460,109
83470,158
83480,134
83490,114
8350,82
83500,602
83510,91
83520,122
83530,55
83550,82
83560,201
83570,132
83580,61
83590,42
8360,47
83600,669
83610,27
83630,124
83640,53
83660,25
83670,112
83680,38
83690,137
8370,72
83700,549
83720,57
83740,66
83780,32
83790,31
8380,35
83820,18
83830,83
83840,72
83860,39
83870,32
83890,29
8390,64
83910,27
83920,29
83980,205
83990,312
8400,271
84000,1489
8410,14
84100,495
84110,249
84120,274
84130,196
84140,216
84150,59
84160,115
84170,126
84190,74
84200,509
84210,172
84220,185
84230,47
84240,98
84250,78
84260,80
84270,93
84290,69
8430,138
84300,480
84310,61
84320,96
84330,55
84340,71
84350,71
84360,78
84370,55
84380,62
84390,92
8440,54
84400,341
84410,46
84420,55
84430,34
84440,38
84450,54
84460,33
84470,24
84480,47
84490,32
8450,68
84500,174
84510,32
84530,31
84550,25
84560,17
84570,57
84580,18
8460,59
84600,195
84660,22
84700,229
84740,25
84750,28
84760,7
84800,332
84810,41
84820,27
84830,28
84840,43
84850,40
84860,38
84870,20
8500,85
85000,913
85100,404
85110,217
85120,181
85130,158
85140,166
85150,192
85160,155
85170,196
85180,157
85190,137
85200,475
85210,164
85220,179
85230,152
85240,129
85250,158
85260,99
85270,145
85280,34
85290,125
85300,373
85310,89
85320,124
85330,140
85340,130
85350,91
85360,108
85370,62
85390,79
85400,227
85410,50
85420,129
85430,96
85440,138
85450,119
85460,104
85470,103
85480,84
85490,50
85500,237
85510,46
85520,55
85530,27
85540,122
85550,37
85560,48
85570,79
85580,91
85590,66
85600,283
85610,36
85620,47
85630,29
85640,27
85660,23
85670,128
85680,31
85690,29
85700,243
85710,67
85740,26
85750,35
85770,70
85800,214
8600,121
86000,1472
86100,550
86110,106
86120,85
86130,167
86140,97
86150,54
86160,128
86170,183
86180,44
86190,141
86200,219
86210,88
86220,121
86230,69
86240,108
86250,69
86260,36
86270,47
86280,85
86290,50
86300,178
86310,91
86320,105
86330,86
86340,95
86350,56
86360,115
86370,100
86380,35
86390,21
86400,178
86410,42
86420,34
86430,24
86440,53
86450,32
86460,43
86470,49
86480,26
86490,40
86500,209
86510,30
86530,100
86540,29
86550,41
86580,73
86600,141
86700,115
86800,95
8700,99
87000,1475
87100,469
87110,46
87120,121
87130,107
87140,89
87150,78
87160,88
87170,51
87190,78
87200,195
87210,71
87220,77
87230,95
87240,71
87250,83
87260,86
87270,65
87280,156
87290,80
87300,168
87310,68
87320,29
87330,64
87340,22
87350,68
87360,29
87370,40
87380,83
87400,154
87410,45
87420,13
87430,31
87440,50
87460,27
87470,26
87480,16
87500,153
87510,49
87520,54
87570,14
87590,16
87600,74
87620,12
87640,9
87700,92
87720,8
87800,110
87890,12
87920,17
8800,98
88000,956
88100,425
88110,126
88120,175
88130,158
88140,187
88150,201
88160,125
88170,209
88190,146
88200,312
88210,159
88220,119
88230,88
88240,164
88250,89
88260,171
88270,167
88290,59
88300,295
88310,68
88320,174
88330,117
88340,69
88350,74
88360,51
88370,72
88380,41
88390,103
88400,219
88410,111
88420,25
88430,76
88440,35
88450,58
88460,101
88470,66
88480,23
88490,88
88500,311
88510,47
88520,64
88530,43
88540,29
88550,30
88560,35
88580,13
88600,361
88630,108
88640,97
88650,60
88700,326
88800,197
89000,729
89100,662
89110,134
89113,68
89116,36
89120,144
89130,126
89140,222
89144,27
89150,113
89160,110
89170,68
89190,108
89200,277
89210,84
89220,62
89230,34
89240,91
89250,64
89260,46
89270,103
89290,96
89300,197
89310,95
89320,87
89330,61
89340,83
89350,40
89360,55
89380,30
89390,50
89400,198
89410,22
89420,93
89430,39
89440,91
89450,63
89460,47
89470,49
89480,52
89500,157
89510,44
89520,110
89530,20
89550,13
89560,77
89570,35
89580,56
89600,114
89630,31
89660,57
89690,35
89700,230
89710,30
89740,22
89770,11
89800,150
9000,523
90000,834
90100,186
90110,45
90120,29
90130,29
90140,39
90150,98
90160,33
90170,42
90200,102
90300,120
90330,18
90340,17
90350,8
90360,15
90370,6
90380,10
90400,153
90500,51
90600,39
90700,21
90800,62
90850,24
9100,399
91000,590
91070,77
91080,160
91090,75
9110,143
91100,429
91120,261
91130,162
91140,126
91150,416
91160,300
91170,229
91180,42
91190,153
9120,122
91200,203
91210,182
91220,166
91230,166
91240,95
91250,71
91260,164
91270,128
91280,39
91290,170
9130,80
91300,299
91310,165
91320,73
91330,180
91340,32
91350,149
91360,114
91370,99
91380,151
91390,116
9140,102
91400,273
91410,205
91420,113
91430,84
91440,69
91450,63
91460,58
91470,112
91480,84
91490,82
91510,51
91520,25
91530,65
91540,102
91550,77
91560,54
91570,53
91580,103
91590,119
9160,41
91600,233
91610,47
91620,76
91630,71
91640,64
91650,57
91660,40
91670,36
91680,30
91690,53
91700,289
91710,18
91720,62
91730,32
91740,25
91750,38
91760,34
91770,16
91780,34
91790,17
91800,232
91810,20
91820,26
91830,36
91840,11
91850,15
91860,71
91870,8
91880,8
91890,8
9190,62
91910,9
91930,6
91940,233
9200,235
92000,1046
9210,30
92100,1982
92110,851
92120,638
92130,659
92140,575
92150,486
92160,450
92170,342
92190,303
9220,60
92200,1704
92210,417
92220,272
92230,479
92240,347
92250,298
92260,204
92270,387
92290,202
9230,28
92300,1117
92310,206
92320,236
92330,247
92340,259
92350,125
92360,90
92370,122
92380,173
92390,141
9240,77
92400,1291
92410,108
92420,120
92430,23
9250,92
92500,749
92600,1127
9270,51
92700,692
92800,866
9290,29
9300,285
93000,527
9310,66
93100,1263
93110,330
93120,320
93130,327
93140,357
93150,323
93160,532
93170,338
93190,339
9320,68
93200,1127
93210,122
93220,257
93230,232
93240,239
93250,230
93260,304
93270,219
93290,312
9330,18
93300,878
93310,185
93320,253
93330,281
93340,325
93350,154
93360,169
93370,189
93380,167
93390,156
9340,29
93400,879
93410,50
93420,209
93430,74
93440,49
93450,49
93460,42
93470,41
9350,38
93500,663
93600,687
93700,499
93800,312
9390,8
9400,195
94000,926
94100,831
94110,224
94120,540
94130,475
94140,395
94150,262
94160,606
94170,355
94190,265
9420,32
94200,762
94210,367
94220,560
94230,241
94240,246
94250,228
94260,197
94270,315
94290,174
94300,1025
94310,230
94320,239
94340,183
94350,176
94360,134
94370,205
94380,124
94390,12
94400,751
94410,237
94420,131
94430,187
94440,115
94450,124
94460,89
94470,145
94480,43
94490,93
94500,543
94510,62
94520,54
94550,360
9460,46
94600,407
94700,563
94800,467
94880,24
9500,154
95000,437
95100,826
95110,203
95120,201
95130,208
95140,205
95150,193
95160,286
95170,157
95180,18
95190,185
95200,447
95210,217
95220,242
95230,132
95240,127
95250,76
95260,119
95270,222
95280,46
95290,119
95300,393
95310,243
95320,134
95330,110
95340,104
95350,106
95360,77
95370,97
95380,122
95390,54
95400,254
95410,65
95420,176
95430,74
95440,52
95450,156
95460,75
95470,116
95480,71
95490,55
95500,270
95510,64
95520,95
95530,26
95540,58
95550,39
95560,64
95570,80
95580,41
95590,39
95600,222
95610,108
95620,35
95630,40
95640,102
95650,57
95660,31
95670,33
95680,23
95690,45
95700,154
95710,23
95720,21
95740,20
95750,25
95760,18
95770,20
95780,24
95800,194
95810,54
95820,28
95830,15
95840,19
95850,14
95870,220
95880,223
